{
    "q_values": {
        "(0, 1, 0, -1)": [
            0.0,
            0.0,
            0.0,
            0.0,
            0.07457740008831024
        ],
        "(0, 1, 1, 8)": [
            0.0,
            0.0,
            0.0,
            0.0,
            0.07437250167131423
        ],
        "(0, 1, 1, 17)": [
            0.0,
            0.0,
            0.07406209856271743,
            0.0,
            0.0
        ],
        "(0, 1, 1, 16)": [
            0.0,
            0.0,
            0.0737141579389572,
            0.0,
            0.0
        ],
        "(0, 1, 1, 15)": [
            0.0,
            0.0,
            0.0,
            0.07326290309429169,
            0.0
        ],
        "(0, 1, 1, 19)": [
            0.0,
            0.0,
            0.0,
            0.0726263165473938,
            0.0
        ],
        "(0, 1, 2, 22)": [
            0.0,
            0.0,
            0.0,
            0.0,
            0.0716627910733223
        ],
        "(0, 2, 2, 30)": [
            0.0,
            0.0,
            0.07043055295944213,
            0.0,
            0.0
        ],
        "(0, 2, 2, 28)": [
            0.0,
            0.0,
            0.0,
            0.06896122097969055,
            0.0
        ],
        "(0, 2, 2, 31)": [
            0.0,
            0.0,
            0.06727255135774612,
            0.0,
            0.0
        ],
        "(0, 3, 2, 29)": [
            0.06579025089740753,
            0.0,
            0.0,
            0.0,
            0.0
        ],
        "(0, 3, 1, 19)": [
            0.0,
            0.0,
            0.0,
            0.0,
            0.0641661062836647
        ],
        "(0, 3, 2, 27)": [
            0.0625546395778656,
            0.0,
            0.0,
            0.0,
            0.0
        ],
        "(0, 3, 1, 18)": [
            -0.16348881125450135,
            0.0,
            0.0,
            0.0,
            0.0
        ]
    }
}