{
    "q_values": {
        "(-2, 1, -1, -2)": [
            0.0,
            0.0,
            0.0,
            0.0,
            0.09943653345108033
        ],
        "(-2, 1, 6, 10)": [
            0.0,
            0.0,
            0.0,
            0.0,
            0.09916333556175233
        ],
        "(-2, 1, 13, 21)": [
            0.0,
            0.09882143139839172,
            0.0,
            0.0,
            0.0
        ],
        "(-2, 1, 9, 14)": [
            0.0,
            0.0,
            0.09850721955299378,
            0.0,
            0.0
        ],
        "(-2, 1, 8, 13)": [
            0.0,
            0.0,
            0.0,
            0.0,
            0.09799526929855347
        ],
        "(-2, 1, 15, 24)": [
            0.0,
            0.0,
            0.09728344082832337,
            0.0,
            0.0
        ],
        "(-2, 2, 14, 23)": [
            0.0,
            0.09663092494010926,
            0.0,
            0.0,
            0.0
        ],
        "(-2, 2, 9, 16)": [
            0.0,
            0.09616631865501404,
            0.0,
            0.0,
            0.0
        ],
        "(-2, 2, 5, 9)": [
            0.0,
            0.0,
            0.0,
            0.0,
            0.09552127122879028
        ],
        "(-1, 2, 12, 20)": [
            0.0,
            0.0947765588760376,
            0.0,
            0.0,
            0.0
        ],
        "(-1, 2, 8, 14)": [
            0.0,
            0.0,
            0.0,
            0.09396610856056214,
            0.0
        ],
        "(-1, 2, 11, 19)": [
            0.0,
            0.0,
            0.09300048351287843,
            0.0,
            0.0
        ],
        "(-1, 3, 10, 19)": [
            0.0,
            0.09216868877410889,
            0.0,
            0.0,
            0.0
        ],
        "(-1, 3, 6, 13)": [
            0.0,
            0.0,
            0.0,
            0.09126175642013551,
            0.0
        ],
        "(-1, 3, 9, 18)": [
            0.0,
            0.0,
            0.090175199508667,
            0.0888471007347107,
            0.0
        ],
        "(-1, 3, 12, 23)": [
            0.0,
            0.0,
            0.08730561733245851,
            0.0,
            0.0
        ],
        "(-1, 4, 11, 22)": [
            0.0,
            0.0,
            0.0,
            0.0,
            0.0852607309818268
        ],
        "(-1, 4, 17, 32)": [
            0.0,
            0.08300318121910095,
            0.0,
            0.0,
            0.0
        ],
        "(0, 4, 13, 26)": [
            0.0,
            0.0,
            0.0,
            -0.2194074630737305,
            0.0
        ]
    }
}